source,Publication year,T of the conductivity C,Li stoichiometry,La stoichiometry,Zr stoichiometry,Li site dopant stoichiometry,La site dopant stoichiometry,Zr site dopant stoichiometry,Relative density,Ionic conductivity,log_cond,Quality of ionic conductivity,Doping strategy,li_dopant,la_dopant,zr_dopant,Li site dopant crystal rad.,Li site dopant ion charge,Li site dopant electroneg.,Li site dopant molar mass,Li site dopant atomic number,Li site dopant e_ionisation,Li site dopant electron affinity,Li site dopant atomic radius,Li site dopant ionic radius,La site dopant crystal rad.,La site dopant ion charge,La site dopant electroneg.,La site dopant molar mass,La site dopant atomic number,La site dopant e_ionisation,La site dopant electron affinity,La site dopant atomic radius,La site dopant ionic radius,Zr site dopant crystal rad.,Zr site dopant ion charge,Zr site dopant electroneg.,Zr site dopant molar mass,Zr site dopant atomic number,Zr site dopant e_ionisation,Zr site dopant electron affinity,Zr site dopant atomic radius,Zr site dopant ionic radius
10.1063/1.5141764,2020,27,6,3,1,0,0,1,84,1.2E-05,-4.920818754,0,Zr site,,,bi,0,0,0,0,0,0,0,0,0,0,0,0,0,0,0,0,0,0,90,5,2.02,208.9804,83,7.25,90.924,143,76
10.1063/1.5141764,2020,27,6.25,3,1.25,0,0,0.75,83,0.0002,-3.698970004,0,Zr site,,,bi,0,0,0,0,0,0,0,0,0,0,0,0,0,0,0,0,0,0,90,5,2.02,208.9804,83,7.25,90.924,143,76
10.1063/1.5141764,2020,27,6.5,3,1.5,0,0,0.5,81,7.2E-06,-5.142667504,0,Zr site,,,bi,0,0,0,0,0,0,0,0,0,0,0,0,0,0,0,0,0,0,90,5,2.02,208.9804,83,7.25,90.924,143,76
10.1063/1.5141764,2020,27,6.75,3,1.75,0,0,0.25,80,5E-06,-5.301029996,0,Zr site,,,bi,0,0,0,0,0,0,0,0,0,0,0,0,0,0,0,0,0,0,90,5,2.02,208.9804,83,7.25,90.924,143,76
10.1016/j.ssi.2014.10.009,2014,27,7.1,3,1.9,0,0,0.1,,0.00024,-3.619788758,0,Zr site,,,cr,0,0,0,0,0,0,0,0,0,0,0,0,0,0,0,0,0,0,75.5,3,1.66,51.9961,24,6.74,65.21,166,61.5
10.1016/j.electacta.2018.03.101,2018,25,7.2,3,1.8,0,0,0.2,94,0.00023,-3.638272164,0,Zr site,,,gd,0,0,0,0,0,0,0,0,0,0,0,0,0,0,0,0,0,0,107.8,3,1.2,157.2521,64,6.65,13.22,233,93.8
10.1016/j.ceramint.2018.01.065,2018,25,7,3,1.6,0,0,0.4,86.9,4.4E-05,-4.356547324,0,Zr site,,,ge,0,0,0,0,0,0,0,0,0,0,0,0,0,0,0,0,0,0,67,4,2.01,72.6298,32,7.85,118.9352,125,53
10.1016/j.ceramint.2018.01.065,2018,25,7,3,1.7,0,0,0.3,91.6,0.000478,-3.320572103,1,Zr site,,,ge,0,0,0,0,0,0,0,0,0,0,0,0,0,0,0,0,0,0,67,4,2.01,72.6298,32,7.85,118.9352,125,53
10.1016/j.ceramint.2018.01.065,2018,25,7,3,1.8,0,0,0.2,89,0.000252,-3.598599459,0,Zr site,,,ge,0,0,0,0,0,0,0,0,0,0,0,0,0,0,0,0,0,0,67,4,2.01,72.6298,32,7.85,118.9352,125,53
10.1016/j.ceramint.2018.01.065,2018,25,7,3,1.9,0,0,0.1,88.2,0.000149,-3.826813732,0,Zr site,,,ge,0,0,0,0,0,0,0,0,0,0,0,0,0,0,0,0,0,0,67,4,2.01,72.6298,32,7.85,118.9352,125,53
10.1111/jace.14736,2017,30,6.4,3,1.7,0,0,0.3,91.3,0.000353,-3.452225295,1,Zr site,,,mo,0,0,0,0,0,0,0,0,0,0,0,0,0,0,0,0,0,0,73,6,2.16,95.9488,42,7.35,72.1,190,59
10.1007/978-3-319-52132-9_12,2017,25,6.5,3,1.75,0,0,0.25,80.5,1.3E-06,-5.886056648,0,Zr site,,,mo,0,0,0,0,0,0,0,0,0,0,0,0,0,0,0,0,0,0,73,6,2.16,95.9488,42,7.35,72.1,190,59
10.1007/978-3-319-52132-9_12,2017,25,6.5,3,1.75,0,0,0.25,87.1,1.74E-05,-4.759450752,0,Zr site,,,mo,0,0,0,0,0,0,0,0,0,0,0,0,0,0,0,0,0,0,73,6,2.16,95.9488,42,7.35,72.1,190,59
10.1007/978-3-319-52132-9_12,2017,25,6.5,3,1.75,0,0,0.25,95.2,0.00013,-3.886056648,0,Zr site,,,mo,0,0,0,0,0,0,0,0,0,0,0,0,0,0,0,0,0,0,73,6,2.16,95.9488,42,7.35,72.1,190,59
10.1111/jace.14736,2017,30,6.6,3,1.8,0,0,0.2,92.8,0.000509,-3.293282218,1,Zr site,,,mo,0,0,0,0,0,0,0,0,0,0,0,0,0,0,0,0,0,0,73,6,2.16,95.9488,42,7.35,72.1,190,59
10.1111/jace.14736,2017,30,6.8,3,1.9,0,0,0.1,90.8,0.000246,-3.609064893,0,Zr site,,,mo,0,0,0,0,0,0,0,0,0,0,0,0,0,0,0,0,0,0,73,6,2.16,95.9488,42,7.35,72.1,190,59
10.1039/C9SE01162E,2020,30,5.9,3,1.8,0.3,0,0.2,92.19,0.000372,-3.42945706,1,Combined,ga,,nb,61,3,1.81,69.723,31,5.97,29.061,136,62,0,0,0,0,0,0,0,0,0,78,5,1.6,92.9064,41,6.7589,88.516,198,64
10.1039/C9SE01162E,2020,30,6.05,3,1.8,0.25,0,0.2,91.77,0.000504,-3.297569464,1,Combined,ga,,nb,61,3,1.81,69.723,31,5.97,29.061,136,62,0,0,0,0,0,0,0,0,0,78,5,1.6,92.9064,41,6.7589,88.516,198,64
10.1039/C9SE01162E,2020,30,6.2,3,1.8,0.2,0,0.2,93.123,0.00072,-3.142667504,1,Combined,ga,,nb,61,3,1.81,69.723,31,5.97,29.061,136,62,0,0,0,0,0,0,0,0,0,78,5,1.6,92.9064,41,6.7589,88.516,198,64
10.1039/C9SE01162E,2020,30,6.35,3,1.8,0.15,0,0.2,94.46,0.000739,-3.131355562,1,Combined,ga,,nb,61,3,1.81,69.723,31,5.97,29.061,136,62,0,0,0,0,0,0,0,0,0,78,5,1.6,92.9064,41,6.7589,88.516,198,64
10.1039/C9SE01162E,2020,30,6.5,3,1.8,0.1,0,0.2,93.34,0.000675,-3.170696227,1,Combined,ga,,nb,61,3,1.81,69.723,31,5.97,29.061,136,62,0,0,0,0,0,0,0,0,0,78,5,1.6,92.9064,41,6.7589,88.516,198,64
10.1039/c8ta02276c,2017,25,6.375,3,1.375,0,0,0.625,99.5,0.00137,-2.863279433,1,Zr site,,,nb,0,0,0,0,0,0,0,0,0,0,0,0,0,0,0,0,0,0,78,5,1.6,92.9064,41,6.7589,88.516,198,64
10.1016/j.ceramint.2017.06.035,2017,25,6.5,3,1.5,0,0,0.5,85,4.4E-05,-4.356547324,0,Zr site,,,nb,0,0,0,0,0,0,0,0,0,0,0,0,0,0,0,0,0,0,78,5,1.6,92.9064,41,6.7589,88.516,198,64
10.1016/j.jpowsour.2010.11.089,2010,25,6.75,3,1.75,0,0,0.25,90,0.0008,-3.096910013,1,Zr site,,,nb,0,0,0,0,0,0,0,0,0,0,0,0,0,0,0,0,0,0,78,5,1.6,92.9064,41,6.7589,88.516,198,64
10.1039/C9SE01162E,2020,30,6.8,3,1.8,0,0,0.2,88.4,0.000357,-3.447331784,1,Zr site,,,nb,0,0,0,0,0,0,0,0,0,0,0,0,0,0,0,0,0,0,78,5,1.6,92.9064,41,6.7589,88.516,198,64
10.1080/10667857.2016.1196033,2016,25,7,3,1.6,0,0,0.4,,0.000256,-3.591760035,0,Zr site,,,ru,0,0,0,0,0,0,0,0,0,0,0,0,0,0,0,0,0,0,76,4,2.2,101.0649,44,7.5,100.96,178,62
10.1016/j.jallcom.2019.04.274,2019,25,6.8,2.8,1.6,0,0.2,0.4,92.7,0.000172,-3.764471553,0,Combined,,sr,sb,0,0,0,0,0,0,0,0,0,140,2,0.95,87.6166,38,219,5.023,219,126,74,5,2.05,121.7598,51,8.35,101.059,133,60
10.1016/j.jallcom.2019.04.274,2019,25,6.75,2.85,1.6,0,0.15,0.4,93.9,0.000485,-3.314258261,1,Combined,,sr,sb,0,0,0,0,0,0,0,0,0,140,2,0.95,87.6166,38,219,5.023,219,126,74,5,2.05,121.7598,51,8.35,101.059,133,60
10.1016/j.jallcom.2019.04.274,2019,25,6.7,2.9,1.6,0,0.1,0.4,94.3,0.000533,-3.273272791,1,Combined,,sr,sb,0,0,0,0,0,0,0,0,0,140,2,0.95,87.6166,38,219,5.023,219,126,74,5,2.05,121.7598,51,8.35,101.059,133,60
10.1016/j.jallcom.2019.04.274,2019,25,6.66,2.94,1.6,0,0.06,0.4,95.1,0.000883,-3.054039296,1,Combined,,sr,sb,0,0,0,0,0,0,0,0,0,140,2,0.95,87.6166,38,219,5.023,219,126,74,5,2.05,121.7598,51,8.35,101.059,133,60
10.1016/j.jallcom.2019.04.274,2019,25,6.62,2.98,1.6,0,0.02,0.4,92.6,0.000363,-3.440093375,1,Combined,,sr,sb,0,0,0,0,0,0,0,0,0,140,2,0.95,87.6166,38,219,5.023,219,126,74,5,2.05,121.7598,51,8.35,101.059,133,60
10.1016/j.ceramint.2017.10.072,2018,30,6.625,3,1.925,0.1,0,0.075,91.6,0.000235,-3.628932138,0,Combined,al,,sb,53,3,1.61,26.982,13,5.95,41.762,118,53.5,0,0,0,0,0,0,0,0,0,74,5,2.05,121.7598,51,8.35,101.059,133,60
10.1016/j.ceramint.2017.10.072,2018,30,6.7,3,1.925,0.075,0,0.075,95.5,0.000345,-3.462180905,1,Combined,al,,sb,53,3,1.61,26.982,13,5.95,41.762,118,53.5,0,0,0,0,0,0,0,0,0,74,5,2.05,121.7598,51,8.35,101.059,133,60
10.1016/j.ceramint.2017.10.072,2018,30,6.775,3,1.925,0.05,0,0.075,96.7,0.00041,-3.387216143,1,Combined,al,,sb,53,3,1.61,26.982,13,5.95,41.762,118,53.5,0,0,0,0,0,0,0,0,0,74,5,2.05,121.7598,51,8.35,101.059,133,60
10.1039/c3cp50991e,2013,30,6,3,1,0,0,1,86,0.00026,-3.585026652,0,Zr site,,,sb,0,0,0,0,0,0,0,0,0,0,0,0,0,0,0,0,0,0,74,5,2.05,121.7598,51,8.35,101.059,133,60
10.1039/c3cp50991e,2013,30,6.2,3,1.2,0,0,0.8,84,0.00045,-3.346787486,1,Zr site,,,sb,0,0,0,0,0,0,0,0,0,0,0,0,0,0,0,0,0,0,74,5,2.05,121.7598,51,8.35,101.059,133,60
10.1039/c3cp50991e,2013,30,6.4,3,1.4,0,0,0.6,89,0.00066,-3.180456064,1,Zr site,,,sb,0,0,0,0,0,0,0,0,0,0,0,0,0,0,0,0,0,0,74,5,2.05,121.7598,51,8.35,101.059,133,60
10.1039/c3cp50991e,2013,30,6.6,3,1.6,0,0,0.4,91,0.00077,-3.113509275,1,Zr site,,,sb,0,0,0,0,0,0,0,0,0,0,0,0,0,0,0,0,0,0,74,5,2.05,121.7598,51,8.35,101.059,133,60
10.1016/j.jallcom.2019.04.274,2019,25,6.6,3,1.6,0,0,0.4,89.9,0.00011,-3.958607315,0,Zr site,,,sb,0,0,0,0,0,0,0,0,0,0,0,0,0,0,0,0,0,0,74,5,2.05,121.7598,51,8.35,101.059,133,60
10.1039/c3cp50991e,2013,30,6.8,3,1.8,0,0,0.2,78,5.9E-05,-4.229147988,0,Zr site,,,sb,0,0,0,0,0,0,0,0,0,0,0,0,0,0,0,0,0,0,74,5,2.05,121.7598,51,8.35,101.059,133,60
10.3724/SP.J.1077.2013.13428,2014,25,6.925,3,1.925,0,0,0.075,,0.00034,-3.468521083,1,Zr site,,,sb,0,0,0,0,0,0,0,0,0,0,0,0,0,0,0,0,0,0,74,5,2.05,121.7598,51,8.35,101.059,133,60
10.1016/j.ceramint.2017.10.072,2018,30,6.925,3,1.925,0,0,0.075,92.3,0.000265,-3.576754126,0,Zr site,,,sb,0,0,0,0,0,0,0,0,0,0,0,0,0,0,0,0,0,0,74,5,2.05,121.7598,51,8.35,101.059,133,60
10.1016/j.matlet.2018.08.006,2018,20,7.06,3,1.94,0,0,0.06,92.9,0.000246,-3.609064893,0,Zr site,,,sm,0,0,0,0,0,0,0,0,0,0,0,0,0,0,0,0,0,0,109.8,3,1.17,150.3647,62,6.55,15.63,238,95.8
10.1039/c9ta00417c,2019,25,6.65,2.95,1.75,0.05,0.05,0.25,99.9,0.00072,-3.142667504,1,Combined,ga,ba,ta,61,3,1.81,69.723,31,5.97,29.061,136,62,156,2,0.89,137.3267,56,5.19,13.954,253,142,78,5,1.5,180.9479,73,7.89,31,200,64
10.1016/j.ssi.2017.09.005,2018,25,6.5,2.5,1,0,0.5,1,,0.00015,-3.823908741,0,Combined,,ba,ta,0,0,0,0,0,0,0,0,0,156,2,0.89,137.3267,56,5.19,13.954,253,142,78,5,1.5,180.9479,73,7.89,31,200,64
10.1039/c2ra01042a,2012,24,6.5,2.5,1,0,0.5,1,,9E-05,-4.045757491,0,Combined,,ba,ta,0,0,0,0,0,0,0,0,0,156,2,0.89,137.3267,56,5.19,13.954,253,142,78,5,1.5,180.9479,73,7.89,31,200,64
10.1039/c9ta00417c,2019,25,6.8,2.95,1.75,0,0.05,0.25,99.7,0.00065,-3.187086643,1,Combined,,ba,ta,0,0,0,0,0,0,0,0,0,156,2,0.89,137.3267,56,5.19,13.954,253,142,78,5,1.5,180.9479,73,7.89,31,200,64
10.1016/j.ssi.2017.11.027,2018,25,6.05,2.95,1,0,0.05,1,,0.000129,-3.88941029,0,Combined,,ca,ta,0,0,0,0,0,0,0,0,0,126,2,1,40.078,20,6.09,2.37,194,112,78,5,1.5,180.9479,73,7.89,31,200,64
10.1039/c7dt01573a,2017,25,6.3,2.9,1.4,0,0.1,0.6,89,0.00035,-3.455931956,1,Combined,,ca,ta,0,0,0,0,0,0,0,0,0,126,2,1,40.078,20,6.09,2.37,194,112,78,5,1.5,180.9479,73,7.89,31,200,64
10.1016/j.ssi.2017.11.027,2018,25,6.45,2.95,1.4,0,0.05,0.6,,0.000284,-3.54668166,1,Combined,,ca,ta,0,0,0,0,0,0,0,0,0,126,2,1,40.078,20,6.09,2.37,194,112,78,5,1.5,180.9479,73,7.89,31,200,64
10.1016/j.jallcom.2018.02.134,2018,25,6.45,2.95,1.4,0,0.05,0.6,,0.000403,-3.394694954,1,Combined,,ca,ta,0,0,0,0,0,0,0,0,0,126,2,1,40.078,20,6.09,2.37,194,112,78,5,1.5,180.9479,73,7.89,31,200,64
10.1016/j.ssi.2017.11.027,2018,25,5,3,0,0,0,2,,7.18E-07,-6.143875556,0,Zr site,,,ta,0,0,0,0,0,0,0,0,0,0,0,0,0,0,0,0,0,0,78,5,1.5,180.9479,73,7.89,31,200,64
10.1016/j.jpowsour.2012.01.094,2012,25,5.5,3,0.5,0,0,1.5,,9.3E-05,-4.031517051,0,Zr site,,,ta,0,0,0,0,0,0,0,0,0,0,0,0,0,0,0,0,0,0,78,5,1.5,180.9479,73,7.89,31,200,64
10.1016/j.jpowsour.2012.01.094,2012,25,6,3,1,0,0,1,,0.00026,-3.585026652,0,Zr site,,,ta,0,0,0,0,0,0,0,0,0,0,0,0,0,0,0,0,0,0,78,5,1.5,180.9479,73,7.89,31,200,64
10.1016/j.ssi.2017.11.027,2018,25,6,3,1,0,0,1,,8.3E-05,-4.080921908,0,Zr site,,,ta,0,0,0,0,0,0,0,0,0,0,0,0,0,0,0,0,0,0,78,5,1.5,180.9479,73,7.89,31,200,64
10.1111/jace.13578,2015,33,6.2,3,1.2,0,0,0.8,76,4.9E-06,-5.30980392,0,Zr site,,,ta,0,0,0,0,0,0,0,0,0,0,0,0,0,0,0,0,0,0,78,5,1.5,180.9479,73,7.89,31,200,64
10.1149/2.013405jes,2014,25,6.3,3,1.3,0,0,0.7,96,0.00032,-3.494850022,1,Zr site,,,ta,0,0,0,0,0,0,0,0,0,0,0,0,0,0,0,0,0,0,78,5,1.5,180.9479,73,7.89,31,200,64
10.1016/j.ceramint.2018.09.245,2018,30,6.4,3,1.4,0,0,0.6,91,0.000326,-3.4867824,1,Zr site,,,ta,0,0,0,0,0,0,0,0,0,0,0,0,0,0,0,0,0,0,78,5,1.5,180.9479,73,7.89,31,200,64
10.1016/j.elecom.2018.07.001,2018,25,6.4,3,1.4,0,0,0.6,,0.00028,-3.552841969,1,Zr site,,,ta,0,0,0,0,0,0,0,0,0,0,0,0,0,0,0,0,0,0,78,5,1.5,180.9479,73,7.89,31,200,64
10.1111/jace.13578,2015,33,6.4,3,1.4,0,0,0.6,84,0.00023,-3.638272164,0,Zr site,,,ta,0,0,0,0,0,0,0,0,0,0,0,0,0,0,0,0,0,0,78,5,1.5,180.9479,73,7.89,31,200,64
10.1016/j.ssi.2017.11.027,2018,25,6.4,3,1.4,0,0,0.6,,0.000195,-3.709965389,0,Zr site,,,ta,0,0,0,0,0,0,0,0,0,0,0,0,0,0,0,0,0,0,78,5,1.5,180.9479,73,7.89,31,200,64
10.1016/j.jpowsour.2013.10.089,2014,25,6.87,2.97,1.6,0,0,0.56,,0.00135,-2.869666232,1,Zr site,,,ta,0,0,0,0,0,0,0,0,0,0,0,0,0,0,0,0,0,0,78,5,1.5,180.9479,73,7.89,31,200,64
10.1016/j.jpowsour.2013.10.089,2014,25,7.07,2.87,1.53,0,0,0.54,,0.00029,-3.537602002,1,Zr site,,,ta,0,0,0,0,0,0,0,0,0,0,0,0,0,0,0,0,0,0,78,5,1.5,180.9479,73,7.89,31,200,64
10.1016/j.ceramint.2018.09.245,2018,30,6.5,3,1.5,0,0,0.5,93,0.000617,-3.209714836,1,Zr site,,,ta,0,0,0,0,0,0,0,0,0,0,0,0,0,0,0,0,0,0,78,5,1.5,180.9479,73,7.89,31,200,64
10.1016/j.jpowsour.2012.01.094,2012,25,6.5,3,1.5,0,0,0.5,,2E-06,-5.698970004,0,Zr site,,,ta,0,0,0,0,0,0,0,0,0,0,0,0,0,0,0,0,0,0,78,5,1.5,180.9479,73,7.89,31,200,64
10.1016/j.ensm.2019.01.018,2019,25,6.5,3,1.5,0,0,0.5,97,0.00056,-3.251811973,1,Zr site,,,ta,0,0,0,0,0,0,0,0,0,0,0,0,0,0,0,0,0,0,78,5,1.5,180.9479,73,7.89,31,200,64
10.1016/j.ensm.2019.01.018,2019,25,6.5,3,1.5,0,0,0.5,66,1.4E-08,-7.853871964,0,Zr site,,,ta,0,0,0,0,0,0,0,0,0,0,0,0,0,0,0,0,0,0,78,5,1.5,180.9479,73,7.89,31,200,64
10.1016/j.ensm.2019.01.018,2019,25,6.5,3,1.5,0,0,0.5,80,1.1E-06,-5.958607315,0,Zr site,,,ta,0,0,0,0,0,0,0,0,0,0,0,0,0,0,0,0,0,0,78,5,1.5,180.9479,73,7.89,31,200,64
10.1016/j.ensm.2019.01.018,2019,25,6.5,3,1.5,0,0,0.5,86,1.8E-06,-5.744727495,0,Zr site,,,ta,0,0,0,0,0,0,0,0,0,0,0,0,0,0,0,0,0,0,78,5,1.5,180.9479,73,7.89,31,200,64
10.1016/j.ensm.2019.01.018,2019,25,6.5,3,1.5,0,0,0.5,93,1.4E-05,-4.853871964,0,Zr site,,,ta,0,0,0,0,0,0,0,0,0,0,0,0,0,0,0,0,0,0,78,5,1.5,180.9479,73,7.89,31,200,64
10.1016/j.ceramint.2020.01.106,2019,25,6.5,3,1.5,0,0,0.5,96.9,0.00085,-3.070581074,1,Zr site,,,ta,0,0,0,0,0,0,0,0,0,0,0,0,0,0,0,0,0,0,78,5,1.5,180.9479,73,7.89,31,200,64
10.1149/2.013405jes,2014,25,6.5,3,1.5,0,0,0.5,,0.00045,-3.346787486,1,Zr site,,,ta,0,0,0,0,0,0,0,0,0,0,0,0,0,0,0,0,0,0,78,5,1.5,180.9479,73,7.89,31,200,64
10.1016/j.jpowsour.2013.10.089,2014,25,6.94,3.05,1.54,0,0,0.47,,0.000418,-3.378823718,1,Zr site,,,ta,0,0,0,0,0,0,0,0,0,0,0,0,0,0,0,0,0,0,78,5,1.5,180.9479,73,7.89,31,200,64
10.1016/j.jpowsour.2013.10.089,2014,25,7.13,2.93,1.48,0,0,0.47,,0.0001,-4,0,Zr site,,,ta,0,0,0,0,0,0,0,0,0,0,0,0,0,0,0,0,0,0,78,5,1.5,180.9479,73,7.89,31,200,64
10.1016/j.jpowsour.2013.10.089,2014,25,7.11,2.95,1.49,0,0,0.46,,0.000108,-3.966576245,0,Zr site,,,ta,0,0,0,0,0,0,0,0,0,0,0,0,0,0,0,0,0,0,78,5,1.5,180.9479,73,7.89,31,200,64
10.1016/j.ceramint.2018.09.245,2018,30,6.6,3,1.6,0,0,0.4,96,0.000668,-3.175223538,1,Zr site,,,ta,0,0,0,0,0,0,0,0,0,0,0,0,0,0,0,0,0,0,78,5,1.5,180.9479,73,7.89,31,200,64
10.1016/j.ssnmr.2015.05.002,2015,25,6.6,3,1.6,0,0,0.4,,0.00037,-3.431798276,1,Zr site,,,ta,0,0,0,0,0,0,0,0,0,0,0,0,0,0,0,0,0,0,78,5,1.5,180.9479,73,7.89,31,200,64
10.1111/jace.13578,2015,33,6.6,3,1.6,0,0,0.4,81,0.00015,-3.823908741,0,Zr site,,,ta,0,0,0,0,0,0,0,0,0,0,0,0,0,0,0,0,0,0,78,5,1.5,180.9479,73,7.89,31,200,64
10.1016/j.ssi.2017.11.027,2018,25,6.6,3,1.6,0,0,0.4,,7.85E-05,-4.105130343,0,Zr site,,,ta,0,0,0,0,0,0,0,0,0,0,0,0,0,0,0,0,0,0,78,5,1.5,180.9479,73,7.89,31,200,64
10.1016/j.ceramint.2018.09.245,2018,30,6.7,3,1.7,0,0,0.3,92,0.00103,-2.987162775,1,Zr site,,,ta,0,0,0,0,0,0,0,0,0,0,0,0,0,0,0,0,0,0,78,5,1.5,180.9479,73,7.89,31,200,64
10.1039/c9ta00417c,2019,25,6.75,3,1.75,0,0,0.25,99.6,0.00043,-3.366531544,1,Zr site,,,ta,0,0,0,0,0,0,0,0,0,0,0,0,0,0,0,0,0,0,78,5,1.5,180.9479,73,7.89,31,200,64
10.1149/2.1031915jes,2019,25,6.75,3,1.75,0,0,0.25,92,0.00069,-3.161150909,1,Zr site,,,ta,0,0,0,0,0,0,0,0,0,0,0,0,0,0,0,0,0,0,78,5,1.5,180.9479,73,7.89,31,200,64
10.1149/2.013405jes,2014,25,6.75,3,1.75,0,0,0.25,96.7,0.000655,-3.1837587,1,Zr site,,,ta,0,0,0,0,0,0,0,0,0,0,0,0,0,0,0,0,0,0,78,5,1.5,180.9479,73,7.89,31,200,64
10.1016/j.ceramint.2018.09.245,2018,30,6.8,3,1.8,0,0,0.2,88,0.000129,-3.88941029,0,Zr site,,,ta,0,0,0,0,0,0,0,0,0,0,0,0,0,0,0,0,0,0,78,5,1.5,180.9479,73,7.89,31,200,64
10.1111/jace.13578,2015,33,6.8,3,1.8,0,0,0.2,74,2.2E-06,-5.657577319,0,Zr site,,,ta,0,0,0,0,0,0,0,0,0,0,0,0,0,0,0,0,0,0,78,5,1.5,180.9479,73,7.89,31,200,64
10.1016/j.ssi.2017.11.027,2018,25,6.8,3,1.8,0,0,0.2,,6.54E-05,-4.184422252,0,Zr site,,,ta,0,0,0,0,0,0,0,0,0,0,0,0,0,0,0,0,0,0,78,5,1.5,180.9479,73,7.89,31,200,64
10.1021/acsenergylett.8b00453,2018,25,5.9,3,1.75,0.2,0,0.25,,0.00052,-3.283996656,1,Combined,al,,w,53,3,1.61,26.982,13,5.95,41.762,118,53.5,0,0,0,0,0,0,0,0,0,74,6,1.5,183.8418,74,7.98,78.76,193,60
10.1016/j.electacta.2015.08.046,2015,25,5.9,3,1.45,0,0,0.55,95,0.00044,-3.356547324,1,Zr site,,,w,0,0,0,0,0,0,0,0,0,0,0,0,0,0,0,0,0,0,74,6,2.36,183.8418,74,7.98,78.76,193,60
10.1016/j.electacta.2015.08.046,2015,25,6.1,3,1.55,0,0,0.45,96,0.00064,-3.193820026,1,Zr site,,,w,0,0,0,0,0,0,0,0,0,0,0,0,0,0,0,0,0,0,74,6,2.36,183.8418,74,7.98,78.76,193,60
10.1016/j.electacta.2015.08.046,2015,25,6.3,3,1.65,0,0,0.35,96,0.00066,-3.180456064,1,Zr site,,,w,0,0,0,0,0,0,0,0,0,0,0,0,0,0,0,0,0,0,74,6,2.36,183.8418,74,7.98,78.76,193,60
10.1063/1.4818971,2013,30,6.4,3,1.7,0,0,0.3,,0.000789,-3.102922997,1,Zr site,,,w,0,0,0,0,0,0,0,0,0,0,0,0,0,0,0,0,0,0,74,6,2.36,183.8418,74,7.98,78.76,193,60
10.1016/j.electacta.2015.08.046,2015,25,6.5,3,1.75,0,0,0.25,93,0.00049,-3.30980392,1,Zr site,,,w,0,0,0,0,0,0,0,0,0,0,0,0,0,0,0,0,0,0,74,6,2.36,183.8418,74,7.98,78.76,193,60
10.1063/1.4818971,2013,30,6,3,1.5,0,0,0.5,,0.000208,-3.681936665,0,Zr site,,,w,0,0,0,0,0,0,0,0,0,0,0,0,0,0,0,0,0,0,74,6,2.36,183.8418,74,7.98,78.76,193,60
10.1016/j.electacta.2015.08.046,2015,25,6.7,3,1.85,0,0,0.15,91,0.00027,-3.568636236,1,Zr site,,,w,0,0,0,0,0,0,0,0,0,0,0,0,0,0,0,0,0,0,74,6,2.36,183.8418,74,7.98,78.76,193,60
10.1016/j.elecom.2011.08.014,2011,25,7.06,3,1.94,0,0,0.06,,0.000956,-3.019542108,1,Zr site,,,y,0,0,0,0,0,0,0,0,0,0,0,0,0,0,0,0,0,0,104,3,2.36,151.9644,63,6.217,11.2,231,90
10.1016/j.ssi.2017.11.027,2018,25,7.05,2.95,2,0,0.05,0,,8.59E-06,-5.066006836,0,La site,,ca,,0,0,0,0,0,0,0,0,0,126,2,1,40.078,20,6.09,2.37,194,126,0,0,0,0,0,0,0,0,0
10.1016/j.ssi.2017.11.027,2018,25,7.02,2.98,2,0,0.02,0,,7.09E-06,-5.149353765,0,La site,,ca,,0,0,0,0,0,0,0,0,0,126,2,1,40.078,20,6.09,2.37,194,126,0,0,0,0,0,0,0,0,0
10.1016/j.jpowsour.2012.12.076,2013,25,6.4,2.4,2,0,0.6,0,96,1.26E-05,-4.899629455,0,La site,,ce,,0,0,0,0,0,0,0,0,0,111,3,1.12,140.1157,58,6.91,55,158,111,0,0,0,0,0,0,0,0,0
10.1016/j.jpowsour.2012.12.076,2013,25,6.6,2.6,2,0,0.4,0,96,1.44E-05,-4.841637508,0,La site,,ce,,0,0,0,0,0,0,0,0,0,111,3,1.12,140.1157,58,6.91,55,158,111,0,0,0,0,0,0,0,0,0
10.1021/acsami.7b00614,2017,25,6.5,2.8,2,0.3,0.2,0,94.3,0.00116,-2.935542011,1,Combined,ga,rb,,61,3,1.81,69.723,31,5.97,29.061,136,62,175,1,0.82,85.4677,37,4.16,46.884,265,161,0,0,0,0,0,0,0,0,0
10.1021/acsami.7b00614,2017,25,6.4,2.85,2,0.3,0.15,0,95.7,0.00104,-2.982966661,1,Combined,ga,rb,,61,3,1.81,69.723,31,5.97,29.061,136,62,175,1,0.82,85.4677,37,4.16,46.884,265,161,0,0,0,0,0,0,0,0,0
10.1021/acsami.7b00614,2017,25,6.3,2.9,2,0.3,0.1,0,95.1,0.00153,-2.815308569,1,Combined,ga,rb,,61,3,1.81,69.723,31,5.97,29.061,136,62,175,1,0.82,85.4677,37,4.16,46.884,265,161,0,0,0,0,0,0,0,0,0
10.1021/acsami.7b00614,2017,25,6.2,2.95,2,0.3,0.05,0,94.6,0.00162,-2.790484985,1,Combined,ga,rb,,61,3,1.81,69.723,31,5.97,29.061,136,62,175,1,0.82,85.4677,37,4.16,46.884,265,161,0,0,0,0,0,0,0,0,0
10.1016/j.ssi.2019.05.027,2019,25,6.8,2.6,2,0.2,0.4,0,,3.03E-05,-4.518557371,0,Combined,ga,sr,,61,3,1.81,69.723,31,5.97,29.061,136,62,140,2,0.95,87.6166,38,219,5.023,219,126,0,0,0,0,0,0,0,0,0
10.1016/j.ssi.2019.05.027,2019,25,6.7,2.7,2,0.2,0.3,0,,0.000195,-3.709965389,0,Combined,ga,sr,,61,3,1.81,69.723,31,5.97,29.061,136,62,140,2,0.95,87.6166,38,219,5.023,219,126,0,0,0,0,0,0,0,0,0
10.1016/j.ssi.2019.05.027,2019,25,6.6,2.8,2,0.2,0.2,0,,0.000346,-3.460923901,1,Combined,ga,sr,,61,3,1.81,69.723,31,5.97,29.061,136,62,140,2,0.95,87.6166,38,219,5.023,219,126,0,0,0,0,0,0,0,0,0
10.1016/j.ssi.2019.05.027,2019,25,6.5,2.9,2,0.2,0.1,0,,0.00055,-3.259637311,1,Combined,ga,sr,,61,3,1.81,69.723,31,5.97,29.061,136,62,140,2,0.95,87.6166,38,219,5.023,219,126,0,0,0,0,0,0,0,0,0
10.1016/j.jallcom.2019.04.274,2019,25,6.66,2.94,2,0,0.06,0,91.3,3.67E-05,-4.435333936,0,La site,,sr,,0,0,0,0,0,0,0,0,0,140,2,0.95,87.6166,38,219,5.023,219,126,0,0,0,0,0,0,0,0,0
10.1016/j.ssi.2018.04.016,2018,25,6.58,3,1.96,0.32,0,0,90,0.000245,-3.610833916,0,Li site,al,,,53,3,1.61,26.982,13,5.95,41.762,118,53.5,0,0,0,0,0,0,0,0,0,0,0,0,0,0,0,0,0,0
10.1039/c8ra01329b,2018,25,6.24,3,2,0.3,0,0,87.9,1.54E-05,-4.812479279,0,Li site,al,,,53,3,1.61,26.982,13,5.95,41.762,118,53.5,0,0,0,0,0,0,0,0,0,0,0,0,0,0,0,0,0,0
10.1039/c8ra01329b,2018,25,6.24,3,2,0.3,0,0,92,2.8E-05,-4.552841969,0,Li site,al,,,53,3,1.61,26.982,13,5.95,41.762,118,53.5,0,0,0,0,0,0,0,0,0,0,0,0,0,0,0,0,0,0
10.1039/c8ra01329b,2018,25,6.24,3,2,0.3,0,0,87.5,8.78E-05,-4.056505484,0,Li site,al,,,53,3,1.61,26.982,13,5.95,41.762,118,53.5,0,0,0,0,0,0,0,0,0,0,0,0,0,0,0,0,0,0
10.1039/c8ra01329b,2018,25,6.24,3,2,0.3,0,0,94,0.000132,-3.879426069,0,Li site,al,,,53,3,1.61,26.982,13,5.95,41.762,118,53.5,0,0,0,0,0,0,0,0,0,0,0,0,0,0,0,0,0,0
10.1039/c8ra01329b,2018,25,6.24,3,2,0.3,0,0,91.2,0.00021,-3.677780705,0,Li site,al,,,53,3,1.61,26.982,13,5.95,41.762,118,53.5,0,0,0,0,0,0,0,0,0,0,0,0,0,0,0,0,0,0
10.1016/j.jeurceramsoc.2018.06.014,2018,25,6.16,3,2,0.28,0,0,,1.92E-05,-4.716698771,0,Li site,al,,,53,3,1.61,26.982,13,5.95,41.762,118,53.5,0,0,0,0,0,0,0,0,0,0,0,0,0,0,0,0,0,0
10.1016/j.ssi.2017.12.034,2013,23,6.23,3,1.88,0.26,0,0,91.2,0.00025,-3.602059991,0,Li site,al,,,53,3,1.61,26.982,13,5.95,41.762,118,53.5,0,0,0,0,0,0,0,0,0,0,0,0,0,0,0,0,0,0
10.1016/j.jechem.2017.10.006,2017,25,6.25,3,2,0.25,0,0,,9.9E-05,-4.004364805,0,Li site,al,,,53,3,1.61,26.982,13,5.95,41.762,118,53.5,0,0,0,0,0,0,0,0,0,0,0,0,0,0,0,0,0,0
10.1021/acsami.9b21251,2020,25,6.25,3,2,0.25,0,0,95,0.000441,-3.355561411,1,Li site,al,,,53,3,1.61,26.982,13,5.95,41.762,118,53.5,0,0,0,0,0,0,0,0,0,0,0,0,0,0,0,0,0,0
10.1002/aenm.201600736,2016,25,6.25,3,2,0.25,0,0,87,0.0005,-3.301029996,1,Li site,al,,,53,3,1.61,26.982,13,5.95,41.762,118,53.5,0,0,0,0,0,0,0,0,0,0,0,0,0,0,0,0,0,0
10.1021/acsami.5b12186,2016,25,6.27,3,1.96,0.25,0,0,96,0.000448,-3.348721986,1,Li site,al,,,53,3,1.61,26.982,13,5.95,41.762,118,53.5,0,0,0,0,0,0,0,0,0,0,0,0,0,0,0,0,0,0
10.1016/j.matdes.2017.10.067,2018,30,6.15,3,2,0.25,0,0,93,0.000124,-3.906578315,0,Li site,al,,,53,3,1.61,26.982,13,5.95,41.762,118,53.5,0,0,0,0,0,0,0,0,0,0,0,0,0,0,0,0,0,0
10.1016/j.jpowsour.2018.05.028,2018,25,6.25,3,2,0.25,0,0,85.4,0.00011,-3.958607315,0,Li site,al,,,53,3,1.61,26.982,13,5.95,41.762,118,53.5,0,0,0,0,0,0,0,0,0,0,0,0,0,0,0,0,0,0
10.1016/j.jpowsour.2018.05.028,2018,25,6.25,3,2,0.25,0,0,90.1,0.00022,-3.657577319,0,Li site,al,,,53,3,1.61,26.982,13,5.95,41.762,118,53.5,0,0,0,0,0,0,0,0,0,0,0,0,0,0,0,0,0,0
10.1016/j.jpowsour.2018.05.028,2018,25,6.25,3,2,0.25,0,0,83.2,0.00026,-3.585026652,0,Li site,al,,,53,3,1.61,26.982,13,5.95,41.762,118,53.5,0,0,0,0,0,0,0,0,0,0,0,0,0,0,0,0,0,0
10.1016/j.jpowsour.2018.05.028,2018,25,6.25,3,2,0.25,0,0,89.2,0.00028,-3.552841969,1,Li site,al,,,53,3,1.61,26.982,13,5.95,41.762,118,53.5,0,0,0,0,0,0,0,0,0,0,0,0,0,0,0,0,0,0
10.1016/j.jpowsour.2018.06.096,2018,25,6.28,3,2,0.24,0,0,,0.000354,-3.450996738,1,Li site,al,,,53,3,1.61,26.982,13,5.95,41.762,118,53.5,0,0,0,0,0,0,0,0,0,0,0,0,0,0,0,0,0,0
10.1088/2053-1591/ab62ef,2019,25,6.28,3,2,0.24,0,0,89.3,0.000106,-3.974694135,0,Li site,al,,,53,3,1.61,26.982,13,5.95,41.762,118,53.5,0,0,0,0,0,0,0,0,0,0,0,0,0,0,0,0,0,0
10.1073/pnas.1600422113,2016,25,6.4,3,2,0.2,0,0,,0.00025,-3.602059991,0,Li site,al,,,53,3,1.61,26.982,13,5.95,41.762,118,53.5,0,0,0,0,0,0,0,0,0,0,0,0,0,0,0,0,0,0
10.1007/s10904-018-0859-y,2018,25,6.4,3,2,0.2,0,0,,0.000115,-3.93930216,0,Li site,al,,,53,3,1.61,26.982,13,5.95,41.762,118,53.5,0,0,0,0,0,0,0,0,0,0,0,0,0,0,0,0,0,0
10.1016/j.matdes.2017.10.067,2018,30,6.4,3,2,0.2,0,0,96,9.6E-05,-4.017728767,0,Li site,al,,,53,3,1.61,26.982,13,5.95,41.762,118,53.5,0,0,0,0,0,0,0,0,0,0,0,0,0,0,0,0,0,0
10.1016/j.ssi.2018.04.016,2018,25,7.05,3,1.98,0.16,0,0,90,0.000221,-3.655607726,0,Li site,al,,,53,3,1.61,26.982,13,5.95,41.762,118,53.5,0,0,0,0,0,0,0,0,0,0,0,0,0,0,0,0,0,0
10.1016/j.ssi.2018.04.016,2018,25,7.42,3,1.97,0.14,0,0,90,0.000189,-3.723538196,0,Li site,al,,,53,3,1.61,26.982,13,5.95,41.762,118,53.5,0,0,0,0,0,0,0,0,0,0,0,0,0,0,0,0,0,0
10.1016/j.jtice.2018.02.021,2018,25,6.61,3,2,0.13,0,0,94,0.000135,-3.869666232,0,Li site,al,,,53,3,1.61,26.982,13,5.95,41.762,118,53.5,0,0,0,0,0,0,0,0,0,0,0,0,0,0,0,0,0,0
10.1016/j.ssi.2018.04.016,2018,25,6.91,3,1.98,0.13,0,0,93,0.000208,-3.681936665,0,Li site,al,,,53,3,1.61,26.982,13,5.95,41.762,118,53.5,0,0,0,0,0,0,0,0,0,0,0,0,0,0,0,0,0,0
10.1016/j.matdes.2017.10.067,2018,30,6.7,3,2,0.1,0,0,93,0.000141,-3.850780887,0,Li site,al,,,53,3,1.61,26.982,13,5.95,41.762,118,53.5,0,0,0,0,0,0,0,0,0,0,0,0,0,0,0,0,0,0
10.1016/j.matdes.2017.10.067,2018,30,6.85,3,2,0.05,0,0,94,9.9E-05,-4.004364805,0,Li site,al,,,53,3,1.61,26.982,13,5.95,41.762,118,53.5,0,0,0,0,0,0,0,0,0,0,0,0,0,0,0,0,0,0
10.1007/s11581-020-03580-y,2020,30,6.4,3,2,0.2,0,0,95.6,0.000428,-3.368556231,1,Li site,fe,,,63,3,1.83,55.8451,26,7.9,15.7,126,64.5,0,0,0,0,0,0,0,0,0,0,0,0,0,0,0,0,0,0
10.1021/acs.jpcc.7b12387,2018,25,6.4,3,2,0.2,0,0,90,0.0011,-2.958607315,1,Li site,fe,,,63,3,1.83,55.8451,26,7.9,15.7,126,64.5,0,0,0,0,0,0,0,0,0,0,0,0,0,0,0,0,0,0
10.1016/j.jallcom.2016.11.277,2016,25,5.5,3,2,0.5,0,0,,5.81E-05,-4.235823868,0,Li site,ga,,,61,3,1.81,69.723,31,5.97,29.061,136,62,0,0,0,0,0,0,0,0,0,0,0,0,0,0,0,0,0,0
10.1021/acsami.6b13902,2017,25,5.8,3,2,0.4,0,0,92.8,0.00057,-3.244125144,1,Li site,ga,,,61,3,1.81,69.723,31,5.97,29.061,136,62,0,0,0,0,0,0,0,0,0,0,0,0,0,0,0,0,0,0
10.1021/acsami.6b13902,2017,25,5.95,3,2,0.35,0,0,95.1,0.00071,-3.148741651,1,Li site,ga,,,61,3,1.81,69.723,31,5.97,29.061,136,62,0,0,0,0,0,0,0,0,0,0,0,0,0,0,0,0,0,0
10.1021/cm5008069,2014,24,6.1,3,2,0.3,0,0,94,7E-05,-4.15490196,0,Li site,ga,,,61,3,1.81,69.723,31,5.97,29.061,136,62,0,0,0,0,0,0,0,0,0,0,0,0,0,0,0,0,0,0
10.1021/acsami.6b13902,2017,25,6.1,3,2,0.3,0,0,96.3,0.00112,-2.950781977,1,Li site,ga,,,61,3,1.81,69.723,31,5.97,29.061,136,62,0,0,0,0,0,0,0,0,0,0,0,0,0,0,0,0,0,0
10.1021/acsami.7b00614,2017,25,6.1,3,2,0.3,0,0,96.3,0.00112,-2.950781977,1,Li site,ga,,,61,3,1.81,69.723,31,5.97,29.061,136,62,0,0,0,0,0,0,0,0,0,0,0,0,0,0,0,0,0,0
10.1021/acsami.6b13902,2017,25,6.25,3,2,0.25,0,0,94.1,0.00146,-2.835647144,1,Li site,ga,,,61,3,1.81,69.723,31,5.97,29.061,136,62,0,0,0,0,0,0,0,0,0,0,0,0,0,0,0,0,0,0
10.1007/s10008-019-04225-5,2019,30,6.25,3,2,0.25,0,0,,0.0011,-2.958607315,1,Li site,ga,,,61,3,1.81,69.723,31,5.97,29.061,136,62,0,0,0,0,0,0,0,0,0,0,0,0,0,0,0,0,0,0
10.1016/j.matchemphys.2012.03.054,2012,25,6.25,3,2,0.25,0,0,91,0.00035,-3.455931956,1,Li site,ga,,,61,3,1.81,69.723,31,5.97,29.061,136,62,0,0,0,0,0,0,0,0,0,0,0,0,0,0,0,0,0,0
10.1021/cm5008069,2014,24,6.4,3,2,0.2,0,0,94,0.0009,-3.045757491,1,Li site,ga,,,61,3,1.81,69.723,31,5.97,29.061,136,62,0,0,0,0,0,0,0,0,0,0,0,0,0,0,0,0,0,0
10.1088/2053-1591/ab2799,2019,25,6.23,3,2,0.2,0,0,95.5,0.00072,-3.142667504,1,Li site,ga,,,61,3,1.81,69.723,31,5.97,29.061,136,62,0,0,0,0,0,0,0,0,0,0,0,0,0,0,0,0,0,0
10.1088/2053-1591/ab2799,2019,25,6.91,3,2,0.2,0,0,95,0.00043,-3.366531544,1,Li site,ga,,,61,3,1.81,69.723,31,5.97,29.061,136,62,0,0,0,0,0,0,0,0,0,0,0,0,0,0,0,0,0,0
10.1088/2053-1591/ab2801,,,6.79,3,2,0.2,0,0,94.5,0.0008,-3.096910013,1,Li site,ga,,,61,3,1.81,69.723,31,5.97,29.061,136,62,0,0,0,0,0,0,0,0,0,0,0,0,0,0,0,0,0,0
10.1088/2053-1591/ab2801,,,6.55,3,2,0.2,0,0,94.2,0.00109,-2.962573502,1,Li site,ga,,,61,3,1.81,69.723,31,5.97,29.061,136,62,0,0,0,0,0,0,0,0,0,0,0,0,0,0,0,0,0,0
10.1088/2053-1591/ab2801,,,6.28,3,2,0.2,0,0,94,0.00074,-3.13076828,1,Li site,ga,,,61,3,1.81,69.723,31,5.97,29.061,136,62,0,0,0,0,0,0,0,0,0,0,0,0,0,0,0,0,0,0
10.1021/acsami.6b13902,2017,25,6.3,3,2,0.2,0,0,93.4,0.00087,-3.060480747,1,Li site,ga,,,61,3,1.81,69.723,31,5.97,29.061,136,62,0,0,0,0,0,0,0,0,0,0,0,0,0,0,0,0,0,0
10.1007/s10008-019-04225-5,2019,30,6.4,3,2,0.2,0,0,,0.0015,-2.823908741,1,Li site,ga,,,61,3,1.81,69.723,31,5.97,29.061,136,62,0,0,0,0,0,0,0,0,0,0,0,0,0,0,0,0,0,0
10.1016/j.ceramint.2019.04.236,2019,27,6.4,3,2,0.2,0,0,97.3,0.00124,-2.906578315,1,Li site,ga,,,61,3,1.81,69.723,31,5.97,29.061,136,62,0,0,0,0,0,0,0,0,0,0,0,0,0,0,0,0,0,0
10.1016/j.ssi.2019.05.027,2019,25,6.4,3,2,0.2,0,0,,0.000458,-3.339134522,1,Li site,ga,,,61,3,1.81,69.723,31,5.97,29.061,136,62,0,0,0,0,0,0,0,0,0,0,0,0,0,0,0,0,0,0
10.1021/cm5008069,2014,24,6.55,3,2,0.15,0,0,94,0.0013,-2.886056648,1,Li site,ga,,,61,3,1.81,69.723,31,5.97,29.061,136,62,0,0,0,0,0,0,0,0,0,0,0,0,0,0,0,0,0,0
10.1142/S1793604718500297,2018,25,6.55,3,2,0.15,0,0,90.5,0.00113,-2.946921557,1,Li site,ga,,,61,3,1.81,69.723,31,5.97,29.061,136,62,0,0,0,0,0,0,0,0,0,0,0,0,0,0,0,0,0,0
10.1142/S1793604718500297,2018,25,6.55,3,2,0.15,0,0,97.5,0.000458,-3.339134522,1,Li site,ga,,,61,3,1.81,69.723,31,5.97,29.061,136,62,0,0,0,0,0,0,0,0,0,0,0,0,0,0,0,0,0,0
10.1021/acsami.6b13902,2017,25,6.55,3,2,0.15,0,0,89.6,8.5E-05,-4.070581074,0,Li site,ga,,,61,3,1.81,69.723,31,5.97,29.061,136,62,0,0,0,0,0,0,0,0,0,0,0,0,0,0,0,0,0,0
10.1063/1.5019179,2018,25,6.55,3,2,0.15,0,0,,0.00206,-2.68613278,1,Li site,ga,,,61,3,1.81,69.723,31,5.97,29.061,136,62,0,0,0,0,0,0,0,0,0,0,0,0,0,0,0,0,0,0
10.1007/s10008-019-04225-5,2019,30,6.55,3,2,0.15,0,0,,0.00047,-3.327902142,1,Li site,ga,,,61,3,1.81,69.723,31,5.97,29.061,136,62,0,0,0,0,0,0,0,0,0,0,0,0,0,0,0,0,0,0
10.1021/acs.chemmater.8b00486,2018,25,6.55,3,2,0.15,0,0,90,0.0012,-2.920818754,1,Li site,ga,,,61,3,1.81,69.723,31,5.97,29.061,136,62,0,0,0,0,0,0,0,0,0,0,0,0,0,0,0,0,0,0
10.1021/acsami.6b13902,2017,25,6.7,3,2,0.1,0,0,86.7,2.5E-05,-4.602059991,0,Li site,ga,,,61,3,1.81,69.723,31,5.97,29.061,136,62,0,0,0,0,0,0,0,0,0,0,0,0,0,0,0,0,0,0
10.1007/s10008-019-04225-5,2019,30,6.7,3,2,0.1,0,0,,6E-05,-4.22184875,0,Li site,ga,,,61,3,1.81,69.723,31,5.97,29.061,136,62,0,0,0,0,0,0,0,0,0,0,0,0,0,0,0,0,0,0
10.1016/j.ssi.2019.04.021,2019,25,6.4,3,2,0.15,0,0,,8.05E-05,-4.09420412,0,Li site,ge,,,53,4,2.01,72.6298,32,7.85,118.9352,125,53.5,0,0,0,0,0,0,0,0,0,0,0,0,0,0,0,0,0,0
10.1016/j.ssi.2019.04.021,2019,25,6.6,3,2,0.1,0,0,98,0.00028,-3.552841969,1,Li site,ge,,,53,4,2.01,72.6298,32,7.85,118.9352,125,53.5,0,0,0,0,0,0,0,0,0,0,0,0,0,0,0,0,0,0
10.1016/j.ssi.2019.04.021,2019,25,6.8,3,2,0.05,0,0,,2.91E-05,-4.536107011,0,Li site,ge,,,53,4,2.01,72.6298,32,7.85,118.9352,125,53.5,0,0,0,0,0,0,0,0,0,0,0,0,0,0,0,0,0,0
10.1039/c9ta00417c,2019,25,7,3,2,0,0,0,96.7,0.00024,-3.619788758,0,Pure,,,,0,0,0,0,0,0,0,0,0,0,0,0,0,0,0,0,0,0,0,0,0,0,0,0,0,0,0
10.1002/anie.200701144 [thin pellet],2007,18,7,3,2,0,0,0,92,0.000774,-3.111259039,1,Pure,,,,0,0,0,0,0,0,0,0,0,0,0,0,0,0,0,0,0,0,0,0,0,0,0,0,0,0,0
10.1016/j.ceramint.2018.01.065,2018,25,7,3,2,0,0,0,87.7,0.000187,-3.728158393,0,Pure,,,,0,0,0,0,0,0,0,0,0,0,0,0,0,0,0,0,0,0,0,0,0,0,0,0,0,0,0
10.1111/jace.14736,2017,30,7,3,2,0,0,0,88.7,2.6E-05,-4.585026652,0,Pure,,,,0,0,0,0,0,0,0,0,0,0,0,0,0,0,0,0,0,0,0,0,0,0,0,0,0,0,0
10.1016/j.matlet.2018.08.006,2018,20,7,3,2,0,0,0,84.6,0.0001,-4,0,Pure,,,,0,0,0,0,0,0,0,0,0,0,0,0,0,0,0,0,0,0,0,0,0,0,0,0,0,0,0
10.1016/j.jpowsour.2013.10.089,2014,25,6.85,3.09,2.07,0,0,0,,0.000168,-3.774690718,0,Pure,,,,0,0,0,0,0,0,0,0,0,0,0,0,0,0,0,0,0,0,0,0,0,0,0,0,0,0,0
10.1016/j.ssi.2017.11.027,2018,25,7,3,2,0,0,0,,7.83E-06,-5.106238238,0,Pure,,,,0,0,0,0,0,0,0,0,0,0,0,0,0,0,0,0,0,0,0,0,0,0,0,0,0,0,0
10.1016/j.jallcom.2022.168380,,,6.25,3,2,0.25,0,0,99.1,0.00148,-2.829738285,,Li site,ga,,,61,3,1.81,69.723,31,5.97,29.061,136,62,0,0,0,0,0,0,0,0,0,0,0,0,0,0,0,0,0,0
10.1016/j.jallcom.2022.168380,,,6.25,3,2,0.25,0,0,97.4,0.000708,-3.149966742,,Li site,ga,,,61,3,1.81,69.723,31,5.97,29.061,136,62,0,0,0,0,0,0,0,0,0,0,0,0,0,0,0,0,0,0
10.1016/j.jallcom.2022.168380,,,6.25,3,2,0.25,0,0,91,0.000249,-3.603800653,,Li site,ga,,,61,3,1.81,69.723,31,5.97,29.061,136,62,0,0,0,0,0,0,0,0,0,0,0,0,0,0,0,0,0,0
10.1016/j.jallcom.2022.168380,,,6.25,3,2,0.25,0,0,81.8,4.85E-05,-4.314258261,,Li site,ga,,,61,3,1.81,69.723,31,5.97,29.061,136,62,0,0,0,0,0,0,0,0,0,0,0,0,0,0,0,0,0,0
10.1016/j.jeurceramsoc.2022.12.028,,,7,3,2,0,0,0,92.5,0.00023,-3.638272164,,Pure,,,,0,0,0,0,0,0,0,0,0,0,0,0,0,0,0,0,0,0,0,0,0,0,0,0,0,0,0
10.1016/j.jeurceramsoc.2022.12.028,,,6.75,3,1.75,0,0,0.25,94.9,0.00042,-3.37675071,,Zr site,,,ta,0,0,0,0,0,0,0,0,0,0,0,0,0,0,0,0,0,0,78,5,1.5,180.9479,73,7.89,31,200,64
10.1016/j.jeurceramsoc.2022.12.028,,,6.5,3,1.5,0,0,0.5,96.1,0.000647,-3.189095719,,Zr site,,,ta,0,0,0,0,0,0,0,0,0,0,0,0,0,0,0,0,0,0,78,5,1.5,180.9479,73,7.89,31,200,64
10.1016/j.jeurceramsoc.2022.12.028,,,6.25,3,1.25,0,0,0.75,95.05,0.000501,-3.300162274,,Zr site,,,ta,0,0,0,0,0,0,0,0,0,0,0,0,0,0,0,0,0,0,78,5,1.5,180.9479,73,7.89,31,200,64
10.1016/j.jeurceramsoc.2022.12.028,,,6,3,1,0,0,1,93.1,0.000195,-3.709965389,,Zr site,,,ta,0,0,0,0,0,0,0,0,0,0,0,0,0,0,0,0,0,0,78,5,1.5,180.9479,73,7.89,31,200,64
10.1016/j.physo.2022.100119,,,6.25,3,1.85,0.2,0,0.15,95,0.00039,-3.408935393,,Combined,al,,nb,53,3,1.61,26.982,13,5.95,41.762,118,53.5,0,0,0,0,0,0,0,0,0,78,5,1.6,92.9064,41,6.7589,88.516,198,64
10.1016/j.physo.2022.100119,,,6.4,3,2,0.2,0,0,92,0.00027,-3.568636236,,Li site,al,,,53,3,1.61,26.982,13,5.95,41.762,118,53.5,0,0,0,0,0,0,0,0,0,0,0,0,0,0,0,0,0,0
10.1016/j.physo.2022.100119,,,6.4,3,2,0.2,0,0,93,0.00149,-2.826813732,,Li site,ga,,,61,3,1.81,69.723,31,5.97,29.061,136,62,0,0,0,0,0,0,0,0,0,0,0,0,0,0,0,0,0,0
10.1016/j.jallcom.2021.161906,,,6.6,3,1.8,0,0,0.2,86,0.000317,-3.498940738,,Zr site,,,mo,0,0,0,0,0,0,0,0,0,0,0,0,0,0,0,0,0,0,73,6,2.16,95.9488,42,7.35,72.1,190,59
10.1016/j.jallcom.2021.161906,,,6.65,2.95,1.8,0,0.05,0.2,95,0.000643,-3.191789027,,Combined,,sr,mo,0,0,0,0,0,0,0,0,0,140,2,0.95,87.6166,38,219,5.023,219,126,73,6,2.16,95.9488,42,7.35,72.1,190,59
10.1016/j.jallcom.2021.161906,,,6.7,2.9,1.8,0,0.1,0.2,91,0.000333,-3.477555766,,Combined,,sr,mo,0,0,0,0,0,0,0,0,0,140,2,0.95,87.6166,38,219,5.023,219,126,73,6,2.16,95.9488,42,7.35,72.1,190,59
10.1016/j.jallcom.2021.161906,,,6.75,2.85,1.8,0,0.15,0.2,90,0.000259,-3.586700236,,Combined,,sr,mo,0,0,0,0,0,0,0,0,0,140,2,0.95,87.6166,38,219,5.023,219,126,73,6,2.16,95.9488,42,7.35,72.1,190,59
10.1016/j.jallcom.2021.161906,,,6.8,2.8,1.8,0,0.2,0.2,84,7.26E-05,-4.139063379,,Combined,,sr,mo,0,0,0,0,0,0,0,0,0,140,2,0.95,87.6166,38,219,5.023,219,126,73,6,2.16,95.9488,42,7.35,72.1,190,59
10.1016/j.ssi.2022.115943,,,6.25,3,2,0.25,0,0,90,0.000496,-3.304518324,,Li site,al,,,53,3,1.61,26.982,13,5.95,41.762,118,53.5,0,0,0,0,0,0,0,0,0,0,0,0,0,0,0,0,0,0
10.1007/s11581-021-03919-z,,,6.925,3,1.925,0,0,0.075,89.89,0.000143,-3.844663963,,Zr site,,,sb,0,0,0,0,0,0,0,0,0,0,0,0,0,0,0,0,0,0,74,5,2.05,121.7598,51,8.35,101.059,133,60
10.1007/s11581-021-03919-z,,,6.925,2.975,1.925,0,0.025,0.075,94.58,0.000259,-3.586700236,,Combined,,y,sb,0,0,0,0,0,0,0,0,0,104,3,1.22,151.9644,63,6.217,11.2,231,90,74,5,2.05,121.7598,51,8.35,101.059,133,60
10.1007/s11581-021-03919-z,,,6.925,2.95,1.925,0,0.05,0.075,95.1,0.00032,-3.494850022,,Combined,,y,sb,0,0,0,0,0,0,0,0,0,104,3,1.22,151.9644,63,6.217,11.2,231,90,74,5,2.05,121.7598,51,8.35,101.059,133,60
10.1007/s11581-021-03919-z,,,6.925,2.925,1.925,0,0.075,0.075,93.34,0.000235,-3.628932138,,Combined,,y,sb,0,0,0,0,0,0,0,0,0,104,3,1.22,151.9644,63,6.217,11.2,231,90,74,5,2.05,121.7598,51,8.35,101.059,133,60
10.1007/s11581-021-03919-z,,,6.925,2.9,1.925,0,0.1,0.075,91.85,0.000163,-3.787812396,,Combined,,y,sb,0,0,0,0,0,0,0,0,0,104,3,1.22,151.9644,63,6.217,11.2,231,90,74,5,2.05,121.7598,51,8.35,101.059,133,60
10.1016/j.ceramint.2021.03.138,,,6.5,3,1.5,0,0,0.5,87.3,0.000231,-3.63638802,,Zr site,,,nb,0,0,0,0,0,0,0,0,0,0,0,0,0,0,0,0,0,0,78,5,1.6,92.9064,41,6.7589,88.516,198,64
10.1016/j.ceramint.2021.03.138,,,6.5,3,1.5,0,0,0.5,90.6,0.000343,-3.46470588,,Zr site,,,nb,0,0,0,0,0,0,0,0,0,0,0,0,0,0,0,0,0,0,78,5,1.6,92.9064,41,6.7589,88.516,198,64
10.1016/j.ceramint.2021.03.138,,,6.5,3,1.5,0,0,0.5,90.9,0.00031,-3.508638306,,Zr site,,,nb,0,0,0,0,0,0,0,0,0,0,0,0,0,0,0,0,0,0,78,5,1.6,92.9064,41,6.7589,88.516,198,64
10.1016/j.ceramint.2021.03.138,,,6.5,3,1.5,0,0,0.5,91.1,0.00025,-3.602059991,,Zr site,,,nb,0,0,0,0,0,0,0,0,0,0,0,0,0,0,0,0,0,0,78,5,1.6,92.9064,41,6.7589,88.516,198,64
10.1016/j.ceramint.2021.03.138,,,6.5,3,1.5,0,0,0.5,92.5,0.000428,-3.368556231,,Zr site,,,nb,0,0,0,0,0,0,0,0,0,0,0,0,0,0,0,0,0,0,78,5,1.6,92.9064,41,6.7589,88.516,198,64
10.1021/acsomega.2c06544,,,6.4,3,1.4,0,0,0.6,73.7,1.02E-05,-4.991399828,,Zr site,,,ta,0,0,0,0,0,0,0,0,0,0,0,0,0,0,0,0,0,0,78,5,1.5,180.9479,73,7.89,31,200,64
10.1021/acsomega.2c06544,,,6.4,3,1.4,0,0,0.6,78.3,9.36E-05,-4.028724151,,Zr site,,,ta,0,0,0,0,0,0,0,0,0,0,0,0,0,0,0,0,0,0,78,5,1.5,180.9479,73,7.89,31,200,64
10.1021/acsomega.2c06544,,,6.4,3,1.4,0,0,0.6,74.5,1.69E-05,-4.772113295,,Zr site,,,ta,0,0,0,0,0,0,0,0,0,0,0,0,0,0,0,0,0,0,78,5,1.5,180.9479,73,7.89,31,200,64
10.1021/acsomega.2c06544,,,6.4,3,1.4,0,0,0.6,80.3,0.000204,-3.690369833,,Zr site,,,ta,0,0,0,0,0,0,0,0,0,0,0,0,0,0,0,0,0,0,78,5,1.5,180.9479,73,7.89,31,200,64
10.1021/acsomega.2c06544,,,6.4,3,2,0.2,0,0,86.8,2.43E-05,-4.614393726,,Li site,ga,,,61,3,1.81,69.723,31,5.97,29.061,136,62,0,0,0,0,0,0,0,0,0,0,0,0,0,0,0,0,0,0
10.1021/acsomega.2c06544,,,6.4,3,2,0.2,0,0,90.9,0.000131,-3.882728704,,Li site,ga,,,61,3,1.81,69.723,31,5.97,29.061,136,62,0,0,0,0,0,0,0,0,0,0,0,0,0,0,0,0,0,0
10.1021/acsomega.2c06544,,,6.4,3,2,0.2,0,0,88.9,7.13E-05,-4.14691047,,Li site,ga,,,61,3,1.81,69.723,31,5.97,29.061,136,62,0,0,0,0,0,0,0,0,0,0,0,0,0,0,0,0,0,0
10.1021/acsomega.2c06544,,,6.4,3,2,0.2,0,0,93.1,0.000424,-3.372634143,,Li site,ga,,,61,3,1.81,69.723,31,5.97,29.061,136,62,0,0,0,0,0,0,0,0,0,0,0,0,0,0,0,0,0,0
10.1021/acsomega.2c06544,,,6.4,3,1.8,0.133,0,0.2,86.9,3.56E-05,-4.448550002,,Combined,ga,,ta,61,3,1.81,69.723,31,5.97,29.061,136,62,0,0,0,0,0,0,0,0,0,78,5,1.5,180.9479,73,7.89,31,200,64
10.1021/acsomega.2c06544,,,6.4,3,1.8,0.133,0,0.2,93.8,0.000174,-3.759450752,,Combined,ga,,ta,61,3,1.81,69.723,31,5.97,29.061,136,62,0,0,0,0,0,0,0,0,0,78,5,1.5,180.9479,73,7.89,31,200,64
10.1021/acsomega.2c06544,,,6.4,3,1.8,0.133,0,0.2,89.9,0.000119,-3.924453039,,Combined,ga,,ta,61,3,1.81,69.723,31,5.97,29.061,136,62,0,0,0,0,0,0,0,0,0,78,5,1.5,180.9479,73,7.89,31,200,64
10.1021/acsomega.2c06544,,,6.4,3,1.8,0.133,0,0.2,95.7,0.000614,-3.211831629,,Combined,ga,,ta,61,3,1.81,69.723,31,5.97,29.061,136,62,0,0,0,0,0,0,0,0,0,78,5,1.5,180.9479,73,7.89,31,200,64
10.1021/acsomega.2c06544,,,6.4,3,1.6,0.067,0,0.4,87,3.86E-05,-4.413412695,,Combined,ga,,ta,61,3,1.81,69.723,31,5.97,29.061,136,62,0,0,0,0,0,0,0,0,0,78,5,1.5,180.9479,73,7.89,31,200,64
10.1021/acsomega.2c06544,,,6.4,3,1.6,0.067,0,0.4,92.7,0.000166,-3.779891912,,Combined,ga,,ta,61,3,1.81,69.723,31,5.97,29.061,136,62,0,0,0,0,0,0,0,0,0,78,5,1.5,180.9479,73,7.89,31,200,64
10.1021/acsomega.2c06544,,,6.4,3,1.6,0.067,0,0.4,89.4,0.00011,-3.958607315,,Combined,ga,,ta,61,3,1.81,69.723,31,5.97,29.061,136,62,0,0,0,0,0,0,0,0,0,78,5,1.5,180.9479,73,7.89,31,200,64
10.1021/acsomega.2c06544,,,6.4,3,1.6,0.067,0,0.4,93.7,0.000363,-3.440093375,,Combined,ga,,ta,61,3,1.81,69.723,31,5.97,29.061,136,62,0,0,0,0,0,0,0,0,0,78,5,1.5,180.9479,73,7.89,31,200,64
10.1016/j.ceramint.2020.09.047,,,6.52,3,2,0.16,0,0,88,3.37E-05,-4.472370099,,Li site,ga,,,61,3,1.81,69.723,31,5.97,29.061,136,62,0,0,0,0,0,0,0,0,0,0,0,0,0,0,0,0,0,0
10.1016/j.ceramint.2020.09.047,,,6.52,3,2,0.16,0,0,89.7,0.000152,-3.818156412,,Li site,ga,,,61,3,1.81,69.723,31,5.97,29.061,136,62,0,0,0,0,0,0,0,0,0,0,0,0,0,0,0,0,0,0
10.1016/j.ceramint.2020.09.047,,,6.52,3,2,0.16,0,0,91.6,0.0002,-3.698970004,,Li site,ga,,,61,3,1.81,69.723,31,5.97,29.061,136,62,0,0,0,0,0,0,0,0,0,0,0,0,0,0,0,0,0,0
10.1016/j.ceramint.2020.09.047,,,6.52,3,2,0.16,0,0,92.6,0.00019,-3.721246399,,Li site,ga,,,61,3,1.81,69.723,31,5.97,29.061,136,62,0,0,0,0,0,0,0,0,0,0,0,0,0,0,0,0,0,0
10.1016/j.ceramint.2020.09.047,,,6.52,3,2,0.16,0,0,84.8,9.62E-06,-5.016824928,,Li site,ga,,,61,3,1.81,69.723,31,5.97,29.061,136,62,0,0,0,0,0,0,0,0,0,0,0,0,0,0,0,0,0,0
10.1016/j.ceramint.2020.09.047,,,6.4,3,2,0.2,0,0,84.4,6.67E-06,-5.175874166,,Li site,ga,,,61,3,1.81,69.723,31,5.97,29.061,136,62,0,0,0,0,0,0,0,0,0,0,0,0,0,0,0,0,0,0
10.1016/j.ceramint.2020.09.047,,,6.4,3,2,0.2,0,0,90,0.00033,-3.48148606,,Li site,ga,,,61,3,1.81,69.723,31,5.97,29.061,136,62,0,0,0,0,0,0,0,0,0,0,0,0,0,0,0,0,0,0
10.1016/j.ceramint.2020.09.047,,,6.4,3,2,0.2,0,0,81.4,2.76E-06,-5.559090918,,Li site,ga,,,61,3,1.81,69.723,31,5.97,29.061,136,62,0,0,0,0,0,0,0,0,0,0,0,0,0,0,0,0,0,0
10.1016/j.ceramint.2020.09.047,,,6.4,3,2,0.2,0,0,94.5,0.00149,-2.826813732,,Li site,ga,,,61,3,1.81,69.723,31,5.97,29.061,136,62,0,0,0,0,0,0,0,0,0,0,0,0,0,0,0,0,0,0
10.1016/j.ceramint.2020.09.047,,,6.4,3,2,0.2,0,0,95.5,0.00103,-2.987162775,,Li site,ga,,,61,3,1.81,69.723,31,5.97,29.061,136,62,0,0,0,0,0,0,0,0,0,0,0,0,0,0,0,0,0,0
10.1016/j.ceramint.2020.09.047,,,6.4,3,2,0.2,0,0,94.2,0.00134,-2.872895202,,Li site,ga,,,61,3,1.81,69.723,31,5.97,29.061,136,62,0,0,0,0,0,0,0,0,0,0,0,0,0,0,0,0,0,0
10.1016/j.ceramint.2020.09.047,,,6.4,3,2,0.2,0,0,96.6,0.00103,-2.987162775,,Li site,ga,,,61,3,1.81,69.723,31,5.97,29.061,136,62,0,0,0,0,0,0,0,0,0,0,0,0,0,0,0,0,0,0
10.1016/j.ceramint.2020.09.047,,,6.4,3,2,0.2,0,0,97.8,0.000361,-3.442492798,,Li site,ga,,,61,3,1.81,69.723,31,5.97,29.061,136,62,0,0,0,0,0,0,0,0,0,0,0,0,0,0,0,0,0,0
10.1016/j.ceramint.2020.09.047,,,6.4,3,2,0.2,0,0,96.9,0.000349,-3.457174573,,Li site,ga,,,61,3,1.81,69.723,31,5.97,29.061,136,62,0,0,0,0,0,0,0,0,0,0,0,0,0,0,0,0,0,0
10.1016/j.ceramint.2020.01.106,,,6.5,3,1.5,0,0,0.5,86.7,0.000118,-3.928117993,,Zr site,,,ta,0,0,0,0,0,0,0,0,0,0,0,0,0,0,0,0,0,0,78,5,1.5,180.9479,73,7.89,31,200,64
10.1016/j.ceramint.2020.01.106,,,6.5,3,1.5,0,0,0.5,87.1,0.00022,-3.657577319,,Zr site,,,ta,0,0,0,0,0,0,0,0,0,0,0,0,0,0,0,0,0,0,78,5,1.5,180.9479,73,7.89,31,200,64
10.1016/j.ceramint.2020.01.106,,,6.5,3,1.5,0,0,0.5,92.1,0.00043,-3.366531544,,Zr site,,,ta,0,0,0,0,0,0,0,0,0,0,0,0,0,0,0,0,0,0,78,5,1.5,180.9479,73,7.89,31,200,64
10.1016/j.ceramint.2020.01.106,,,6.5,3,1.5,0,0,0.5,92.3,0.000686,-3.163675884,,Zr site,,,ta,0,0,0,0,0,0,0,0,0,0,0,0,0,0,0,0,0,0,78,5,1.5,180.9479,73,7.89,31,200,64
10.1016/j.ceramint.2020.01.106,,,6.5,3,1.5,0,0,0.5,93.3,0.000417,-3.379863945,,Zr site,,,ta,0,0,0,0,0,0,0,0,0,0,0,0,0,0,0,0,0,0,78,5,1.5,180.9479,73,7.89,31,200,64
10.1016/j.ceramint.2020.01.106,,,6.5,3,1.5,0,0,0.5,95.6,0.000531,-3.274905479,,Zr site,,,ta,0,0,0,0,0,0,0,0,0,0,0,0,0,0,0,0,0,0,78,5,1.5,180.9479,73,7.89,31,200,64
10.1016/j.ceramint.2020.01.106,,,6.5,3,1.5,0,0,0.5,96.9,0.00085,-3.070581074,,Zr site,,,ta,0,0,0,0,0,0,0,0,0,0,0,0,0,0,0,0,0,0,78,5,1.5,180.9479,73,7.89,31,200,64
10.3390/ma13030560,,,6.6,3,1.6,0,0,0.4,86.7,0.000158,-3.801342913,,Zr site,,,nb,0,0,0,0,0,0,0,0,0,0,0,0,0,0,0,0,0,0,78,5,1.6,92.9064,41,6.7589,88.516,198,64
10.3390/ma13030560,,,6.6,3,1.6,0,0,0.4,87.3,0.000509,-3.293282218,,Zr site,,,nb,0,0,0,0,0,0,0,0,0,0,0,0,0,0,0,0,0,0,78,5,1.6,92.9064,41,6.7589,88.516,198,64
10.3390/ma13030560,,,6.6,3,1.6,0,0,0.4,90.4,0.000349,-3.457174573,,Zr site,,,nb,0,0,0,0,0,0,0,0,0,0,0,0,0,0,0,0,0,0,78,5,1.6,92.9064,41,6.7589,88.516,198,64
10.3390/ma13030560,,,6.6,3,1.6,0,0,0.4,90.3,0.000709,-3.149353765,,Zr site,,,nb,0,0,0,0,0,0,0,0,0,0,0,0,0,0,0,0,0,0,78,5,1.6,92.9064,41,6.7589,88.516,198,64
10.3390/ma13030560,,,6.6,3,1.6,0,0,0.4,83.4,0.000809,-3.092051478,,Zr site,,,nb,0,0,0,0,0,0,0,0,0,0,0,0,0,0,0,0,0,0,78,5,1.6,92.9064,41,6.7589,88.516,198,64
10.1016/j.jallcom.2020.157143,,,6.6,3,1.6,0,0,0.4,92,0.000909,-3.041436117,,Zr site,,,ta,0,0,0,0,0,0,0,0,0,0,0,0,0,0,0,0,0,0,78,5,1.5,180.9479,73,7.89,31,200,64
10.1016/j.jallcom.2020.157143,,,6.62,2.98,1.6,0,0.02,0.4,88.8,0.001009,-2.996108834,,Combined,,ba,ta,0,0,0,0,0,0,0,0,0,156,2,0.89,137.3267,56,5.19,13.954,253,142,78,5,1.5,180.9479,73,7.89,31,200,64
10.1016/j.jallcom.2020.157143,,,6.64,2.96,1.6,0,0.04,0.4,88.25,0.001109,-2.955068454,,Combined,,ba,ta,0,0,0,0,0,0,0,0,0,156,2,0.89,137.3267,56,5.19,13.954,253,142,78,5,1.5,180.9479,73,7.89,31,200,64
10.1016/j.jallcom.2020.157143,,,6.66,2.94,1.6,0,0.06,0.4,87.5,0.001209,-2.917573699,,Combined,,ba,ta,0,0,0,0,0,0,0,0,0,156,2,0.89,137.3267,56,5.19,13.954,253,142,78,5,1.5,180.9479,73,7.89,31,200,64
10.1016/j.jallcom.2020.157143,,,6.68,2.92,1.6,0,0.08,0.4,87.1,0.001309,-2.883060353,,Combined,,ba,ta,0,0,0,0,0,0,0,0,0,156,2,0.89,137.3267,56,5.19,13.954,253,142,78,5,1.5,180.9479,73,7.89,31,200,64
10.1016/j.jallcom.2020.157143,,,6.4,3,1.4,0,0,0.6,93.9,0.001409,-2.851089007,,Zr site,,,ta,0,0,0,0,0,0,0,0,0,0,0,0,0,0,0,0,0,0,78,5,1.5,180.9479,73,7.89,31,200,64
10.1016/j.jallcom.2020.157143,,,6.42,2.98,1.4,0,0.02,0.6,93.4,0.001509,-2.82131076,,Combined,,ba,ta,0,0,0,0,0,0,0,0,0,156,2,0.89,137.3267,56,5.19,13.954,253,142,78,5,1.5,180.9479,73,7.89,31,200,64
10.1016/j.jallcom.2020.157143,,,6.44,2.96,1.4,0,0.04,0.6,92.9,0.001609,-2.793443956,,Combined,,ba,ta,0,0,0,0,0,0,0,0,0,156,2,0.89,137.3267,56,5.19,13.954,253,142,78,5,1.5,180.9479,73,7.89,31,200,64
10.1016/j.jallcom.2020.157143,,,6.46,2.94,1.4,0,0.06,0.6,92.8,0.001709,-2.767257937,,Combined,,ba,ta,0,0,0,0,0,0,0,0,0,156,2,0.89,137.3267,56,5.19,13.954,253,142,78,5,1.5,180.9479,73,7.89,31,200,64
10.1016/j.jallcom.2020.157143,,,6.48,2.92,1.4,0,0.08,0.6,91,0.001809,-2.742561433,,Combined,,ba,ta,0,0,0,0,0,0,0,0,0,156,2,0.89,137.3267,56,5.19,13.954,253,142,78,5,1.5,180.9479,73,7.89,31,200,64
